timestamp,open,high,low,close,volume
2025-05-19 00:00:00,106454.27,107108.62,106324.22,106542.32,1034.04847
2025-05-19 00:15:00,106542.32,106691.24,106106.13,106109.5,654.62895
2025-05-19 00:30:00,106109.5,106170.86,105390.22,105521.73,414.54575
2025-05-19 00:45:00,105521.74,105521.74,105165.44,105260.88,388.8938
2025-05-19 01:00:00,105260.88,105416.67,104913.04,105059.92,352.99276
2025-05-19 01:15:00,105059.91,105217.4,104742.53,105077.7,316.61337
2025-05-19 01:30:00,105077.69,105279.57,104846.88,104965.84,188.94265
2025-05-19 01:45:00,104965.83,105192.06,104917.51,105059.97,122.18383
2025-05-19 02:00:00,105059.97,105192.17,104569.55,104590.02,315.02333
2025-05-19 02:15:00,104590.01,104900.27,104569.0,104893.21,181.34729
2025-05-19 02:30:00,104893.21,105069.01,104800.01,104800.02,364.54962
2025-05-19 02:45:00,104800.01,104877.8,104580.0,104645.15,203.04691
2025-05-19 03:00:00,104645.15,104645.15,104166.43,104166.44,259.48594
2025-05-19 03:15:00,104166.44,104331.86,104100.0,104217.39,210.82316
2025-05-19 03:30:00,104217.4,104247.47,103818.0,103819.28,348.86657
2025-05-19 03:45:00,103819.09,103973.67,103534.47,103605.88,474.4217
2025-05-19 04:00:00,103605.9,103779.99,102923.59,103670.11,1050.54701
2025-05-19 04:15:00,103670.11,103670.11,103207.02,103310.16,365.02447
2025-05-19 04:30:00,103310.17,103534.19,103037.89,103280.6,406.40814
2025-05-19 04:45:00,103280.6,103284.96,102789.0,103002.07,605.07572
2025-05-19 05:00:00,103002.07,103073.82,102641.0,102986.79,398.30192
2025-05-19 05:15:00,102986.79,102986.79,102654.0,102725.0,469.21362
2025-05-19 05:30:00,102725.0,103118.57,102513.87,103042.63,786.15
2025-05-19 05:45:00,103042.64,103053.16,102842.75,103032.01,383.0237
2025-05-19 06:00:00,103032.0,103195.67,102832.53,103110.92,405.32349
2025-05-19 06:15:00,103110.91,103110.91,102600.0,102628.73,298.53671
2025-05-19 06:30:00,102628.73,102633.3,102000.0,102406.44,1199.24361
2025-05-19 06:45:00,102406.45,102517.98,102208.0,102208.0,397.29836
2025-05-19 07:00:00,102208.01,102687.93,102173.91,102608.7,379.43939
2025-05-19 07:15:00,102608.69,102888.9,102571.42,102820.03,257.80888
2025-05-19 07:30:00,102820.02,103167.43,102814.13,103164.9,167.24097
2025-05-19 07:45:00,103164.9,103356.8,103164.89,103226.29,330.40169
2025-05-19 08:00:00,103226.29,103271.83,102976.45,103149.87,216.85993
2025-05-19 08:15:00,103149.86,103357.6,103100.0,103250.95,179.99755
2025-05-19 08:30:00,103250.95,103250.95,102920.57,102980.55,165.49141
2025-05-19 08:45:00,102980.55,103242.28,102956.52,103233.9,147.80485
2025-05-19 09:00:00,103233.9,103425.53,102999.99,103164.85,470.22262
2025-05-19 09:15:00,103164.85,103277.44,103104.75,103239.99,158.7297
2025-05-19 09:30:00,103239.99,103304.35,103156.0,103252.01,88.34847
2025-05-19 09:45:00,103252.0,103252.01,103020.0,103061.61,85.12081
2025-05-19 10:00:00,103061.62,103087.6,102853.81,102882.33,168.27046
2025-05-19 10:15:00,102882.33,103090.07,102869.57,103043.49,206.72786
2025-05-19 10:30:00,103043.5,103073.55,102945.45,102956.52,180.26105
2025-05-19 10:45:00,102956.53,103072.36,102884.24,102915.5,85.13518
2025-05-19 11:00:00,102915.5,103016.7,102782.6,102869.57,123.57266
2025-05-19 11:15:00,102869.56,103067.83,102850.4,103047.91,204.25897
2025-05-19 11:30:00,103047.91,103056.62,102921.62,103039.48,133.37874
2025-05-19 11:45:00,103039.48,103066.46,102959.25,102963.41,69.1589
2025-05-19 12:00:00,102963.4,102963.41,102658.99,102662.61,245.41899
2025-05-19 12:15:00,102662.6,102662.61,102443.3,102608.7,195.86741
2025-05-19 12:30:00,102608.69,102636.8,102126.16,102393.55,433.80681
2025-05-19 12:45:00,102393.55,102479.95,102270.55,102479.95,177.69297
2025-05-19 13:00:00,102479.94,102590.01,102340.0,102345.36,170.37886
2025-05-19 13:15:00,102345.36,102565.22,102321.83,102523.81,108.69686
2025-05-19 13:30:00,102523.81,103032.47,102391.97,103032.46,541.32372
2025-05-19 13:45:00,103032.47,103527.89,103015.24,103294.11,734.22506
2025-05-19 14:00:00,103294.11,103591.78,103181.67,103478.26,524.54145
2025-05-19 14:15:00,103478.26,103755.52,103320.76,103414.51,365.52075
2025-05-19 14:30:00,103414.51,103870.13,103414.51,103727.13,259.38345
2025-05-19 14:45:00,103727.14,104369.0,103727.14,104328.11,477.74564
2025-05-19 15:00:00,104328.11,104600.0,104266.14,104574.99,394.04711
2025-05-19 15:15:00,104574.99,104687.41,104366.75,104457.87,527.53383
2025-05-19 15:30:00,104457.87,104950.0,104424.29,104869.56,569.01825
2025-05-19 15:45:00,104869.57,104968.75,104717.93,104786.41,346.62987
2025-05-19 16:00:00,104786.42,104897.32,104491.53,104586.78,407.27116
2025-05-19 16:15:00,104586.78,105108.01,104577.53,105108.01,515.19861
2025-05-19 16:30:00,105108.0,105115.42,104754.58,104952.81,240.39278
2025-05-19 16:45:00,104952.8,105435.49,104912.2,105356.44,337.41471
2025-05-19 17:00:00,105356.43,105550.01,105027.63,105045.45,445.5923
2025-05-19 17:15:00,105045.45,105399.99,104940.77,105233.52,351.16375
2025-05-19 17:30:00,105233.52,105364.22,105018.49,105281.42,318.28306
2025-05-19 17:45:00,105281.42,105453.39,105210.17,105380.95,168.53532
2025-05-19 18:00:00,105380.96,105561.76,105218.12,105304.61,199.20859
2025-05-19 18:15:00,105304.6,105369.73,105056.1,105155.07,173.2997
2025-05-19 18:30:00,105155.07,105155.07,104721.98,104956.52,418.78587
2025-05-19 18:45:00,104956.53,105015.76,104703.66,104778.98,145.88812
2025-05-19 19:00:00,104778.99,104923.99,104633.55,104877.71,130.60321
2025-05-19 19:15:00,104877.71,105065.09,104836.42,104908.77,212.67245
2025-05-19 19:30:00,104908.77,105493.49,104908.76,105459.34,250.13838
2025-05-19 19:45:00,105459.33,105549.99,105390.78,105517.7,188.90766
2025-05-19 20:00:00,105517.64,105788.87,105375.23,105397.32,324.05662
2025-05-19 20:15:00,105397.32,105760.14,105397.32,105723.0,127.37833
2025-05-19 20:30:00,105723.0,105723.0,105344.09,105392.23,124.84215
2025-05-19 20:45:00,105392.23,105485.87,105321.54,105468.0,107.20067
2025-05-19 21:00:00,105468.0,105514.79,105317.92,105426.39,92.2227
2025-05-19 21:15:00,105426.39,105459.99,105016.27,105028.81,116.48263
2025-05-19 21:30:00,105028.81,105264.33,105028.8,105264.33,351.06665
2025-05-19 21:45:00,105264.32,105504.56,105264.32,105474.67,208.93728
2025-05-19 22:00:00,105474.67,105572.66,105392.51,105447.53,357.24408
2025-05-19 22:15:00,105447.54,105447.54,105182.86,105207.67,424.38317
2025-05-19 22:30:00,105207.67,105398.71,105203.93,105390.0,482.66268
2025-05-19 22:45:00,105389.99,105644.41,105389.99,105549.92,105.33555
2025-05-19 23:00:00,105549.92,105829.99,105549.92,105677.64,194.05662
2025-05-19 23:15:00,105677.65,105706.1,105464.47,105466.14,77.5371
2025-05-19 23:30:00,105466.14,105621.52,105455.57,105603.53,100.84067
2025-05-19 23:45:00,105603.54,105680.35,105551.15,105573.74,77.8107
2025-05-20 00:00:00,105573.73,106000.0,105554.31,105999.99,319.26205
2025-05-20 00:15:00,105999.99,106569.99,105636.36,105643.99,1064.1942
2025-05-20 00:30:00,105643.99,106159.81,105580.97,105914.47,321.08472
2025-05-20 00:45:00,105914.47,105987.48,105670.46,105727.27,195.19939
2025-05-20 01:00:00,105727.27,106110.72,105701.46,105815.19,193.40522
2025-05-20 01:15:00,105815.19,106269.54,105727.27,106109.97,484.69867
2025-05-20 01:30:00,106109.96,106621.21,106105.65,106352.1,379.63238
2025-05-20 01:45:00,106352.1,106789.58,106227.27,106450.0,348.5614
2025-05-20 02:00:00,106450.01,106789.58,106440.0,106649.89,227.68366
2025-05-20 02:15:00,106649.9,106853.27,106438.58,106461.75,254.94121
2025-05-20 02:30:00,106461.75,106526.27,106230.76,106230.77,370.50041
2025-05-20 02:45:00,106230.76,106269.21,106000.0,106099.99,315.52201
2025-05-20 03:00:00,106100.0,106180.75,105922.66,105927.0,230.41995
2025-05-20 03:15:00,105927.0,106172.29,105863.63,106097.61,639.49081
2025-05-20 03:30:00,106097.61,106097.62,105686.73,105723.14,272.49163
2025-05-20 03:45:00,105723.15,105780.0,105533.01,105761.92,133.46556
2025-05-20 04:00:00,105761.92,105804.65,105545.45,105604.98,90.89049
2025-05-20 04:15:00,105604.98,105700.0,105545.45,105571.66,69.10442
2025-05-20 04:30:00,105571.65,105776.72,105545.45,105719.38,110.98831
2025-05-20 04:45:00,105719.38,106250.0,105719.37,106219.99,274.72669
2025-05-20 05:00:00,106220.0,106391.78,106067.36,106340.47,183.88559
2025-05-20 05:15:00,106340.47,106399.0,106276.64,106336.02,125.90036
2025-05-20 05:30:00,106336.02,106347.29,106085.17,106105.99,189.02941
2025-05-20 05:45:00,106106.0,106227.28,106079.27,106105.26,85.74828
2025-05-20 06:00:00,106105.26,106219.99,105831.58,105836.88,128.67437
2025-05-20 06:15:00,105836.87,105836.87,105381.02,105486.74,260.2158
2025-05-20 06:30:00,105486.74,105567.01,105432.06,105511.08,159.69337
2025-05-20 06:45:00,105511.09,105650.0,105454.54,105454.54,86.90289
2025-05-20 07:00:00,105454.55,105750.26,105237.09,105686.01,357.72681
2025-05-20 07:15:00,105686.01,105718.81,105460.84,105540.0,163.92784
2025-05-20 07:30:00,105540.0,105577.24,105081.33,105099.75,351.18838
2025-05-20 07:45:00,105099.75,105137.78,104928.44,105021.71,396.95033
2025-05-20 08:00:00,105021.7,105229.64,104899.92,104944.51,192.79055
2025-05-20 08:15:00,104944.5,105095.24,104885.5,104895.25,137.99038
2025-05-20 08:30:00,104895.24,105181.82,104847.16,105154.45,156.94246
2025-05-20 08:45:00,105154.46,105249.11,105124.82,105223.01,188.2168
2025-05-20 09:00:00,105223.0,105321.0,105186.31,105271.84,145.25481
2025-05-20 09:15:00,105271.83,105331.0,105243.49,105317.43,211.59849
2025-05-20 09:30:00,105317.43,105366.93,105317.42,105359.2,140.42085
2025-05-20 09:45:00,105359.21,105390.13,105258.57,105285.72,84.55997
2025-05-20 10:00:00,105285.72,105416.66,105181.81,105235.05,142.59411
2025-05-20 10:15:00,105235.05,105346.63,105110.27,105252.01,171.59067
2025-05-20 10:30:00,105252.01,105252.01,105029.88,105173.68,178.66914
2025-05-20 10:45:00,105173.68,105204.0,105022.72,105030.65,90.77393
2025-05-20 11:00:00,105030.65,105043.61,104956.52,105024.0,115.5822
2025-05-20 11:15:00,105023.99,105164.85,104913.04,105136.54,126.84371
2025-05-20 11:30:00,105136.54,105348.67,105136.54,105329.56,146.72826
2025-05-20 11:45:00,105329.56,105329.56,105168.34,105203.76,95.98609
2025-05-20 12:00:00,105203.75,105203.76,105006.1,105030.55,108.18557
2025-05-20 12:15:00,105030.54,105070.82,104817.27,104821.09,167.06665
2025-05-20 12:30:00,104821.09,104848.85,104653.39,104738.09,186.69477
2025-05-20 12:45:00,104738.09,104845.78,104686.04,104780.0,159.90617
2025-05-20 13:00:00,104780.01,104869.57,104588.8,104588.81,174.88081
2025-05-20 13:15:00,104588.8,104812.56,104583.28,104614.96,208.52264
2025-05-20 13:30:00,104614.97,104630.0,104206.0,104243.61,645.10089
2025-05-20 13:45:00,104243.61,104593.88,104184.72,104448.04,411.86506
2025-05-20 14:00:00,104448.04,104639.99,104304.34,104500.0,268.7072
2025-05-20 14:15:00,104499.99,104995.43,104478.26,104700.02,380.37773
2025-05-20 14:30:00,104700.02,104806.04,104512.65,104768.75,233.87487
2025-05-20 14:45:00,104768.76,104952.39,104519.84,104519.84,171.41242
2025-05-20 15:00:00,104519.84,104800.0,104482.68,104800.0,146.99277
2025-05-20 15:15:00,104800.0,105095.24,104645.28,105080.13,157.32357
2025-05-20 15:30:00,105080.14,105329.88,105029.36,105119.99,226.85054
2025-05-20 15:45:00,105119.99,105391.27,105117.54,105333.68,151.94028
2025-05-20 16:00:00,105333.67,105480.0,105090.9,105151.48,179.06059
2025-05-20 16:15:00,105151.48,105523.81,105114.01,105253.49,249.79134
2025-05-20 16:30:00,105253.49,105471.21,105253.47,105364.98,83.03883
2025-05-20 16:45:00,105364.98,105414.08,105182.78,105212.49,87.36488
2025-05-20 17:00:00,105212.49,106176.54,105212.49,106103.86,717.51287
2025-05-20 17:15:00,106103.87,106171.91,105961.86,106128.05,328.12467
2025-05-20 17:30:00,106128.05,106207.5,106000.0,106206.31,192.55759
2025-05-20 17:45:00,106206.32,106336.37,106163.71,106200.31,293.79662
2025-05-20 18:00:00,106200.32,106419.19,106099.58,106273.79,194.89852
2025-05-20 18:15:00,106273.79,106328.04,105744.44,105772.73,229.59173
2025-05-20 18:30:00,105772.73,106069.39,105600.0,105651.28,279.69784
2025-05-20 18:45:00,105651.28,105705.41,105234.04,105285.54,251.51195
2025-05-20 19:00:00,105285.53,105859.78,105220.0,105844.93,225.88397
2025-05-20 19:15:00,105844.94,106400.01,105762.82,106309.55,284.55542
2025-05-20 19:30:00,106309.56,106650.35,106304.71,106513.56,380.16613
2025-05-20 19:45:00,106513.55,107238.37,106513.55,107026.47,1079.74658
2025-05-20 20:00:00,107026.47,107096.62,106590.9,106621.4,451.19998
2025-05-20 20:15:00,106621.4,106834.66,106407.66,106701.57,274.31335
2025-05-20 20:30:00,106701.57,106740.0,106483.75,106730.61,154.01996
2025-05-20 20:45:00,106730.61,107320.0,106730.61,106909.09,528.41934
2025-05-20 21:00:00,106909.09,107225.68,106450.92,106472.47,479.08826
2025-05-20 21:15:00,106472.48,106809.53,106318.18,106318.18,221.40018
2025-05-20 21:30:00,106318.18,106512.58,106132.09,106485.71,222.05379
2025-05-20 21:45:00,106485.71,106762.58,106485.71,106619.0,65.91981
2025-05-20 22:00:00,106619.0,106760.22,106231.12,106326.7,117.57045
2025-05-20 22:15:00,106326.69,106393.93,105935.83,106363.94,230.15383
2025-05-20 22:30:00,106363.94,106619.63,106173.59,106564.56,110.30246
2025-05-20 22:45:00,106564.56,106894.86,106491.6,106775.83,152.95719
2025-05-20 23:00:00,106775.83,106946.12,106685.82,106887.37,147.30325
2025-05-20 23:15:00,106887.36,107208.68,106887.36,106972.35,309.67915
2025-05-20 23:30:00,106972.35,107006.93,106750.33,106756.98,155.66631
2025-05-20 23:45:00,106756.81,106885.74,106637.5,106849.99,115.78494
2025-05-21 00:00:00,106850.0,107000.0,106727.27,107000.0,202.54519
2025-05-21 00:15:00,106999.99,107206.94,106572.0,106600.01,330.87546
2025-05-21 00:30:00,106600.01,106840.0,106459.8,106681.81,148.72447
2025-05-21 00:45:00,106681.81,106918.57,106644.94,106739.54,113.41484
2025-05-21 01:00:00,106739.55,107086.24,106670.19,106891.72,152.71201
2025-05-21 01:15:00,106891.72,107035.07,106682.79,106786.86,89.4844
2025-05-21 01:30:00,106786.85,106893.59,106700.78,106820.35,87.50727
2025-05-21 01:45:00,106820.35,106820.36,106426.0,106500.0,111.142
2025-05-21 02:00:00,106500.0,106545.46,106186.79,106420.24,299.23946
2025-05-21 02:15:00,106420.25,106543.58,106241.63,106493.25,139.70947
2025-05-21 02:30:00,106493.24,106809.53,106455.43,106740.76,110.02961
2025-05-21 02:45:00,106740.76,106923.07,106657.76,106859.04,90.39132
2025-05-21 03:00:00,106859.05,106944.0,106748.69,106898.6,148.54286
2025-05-21 03:15:00,106898.6,107032.55,106844.64,107009.8,153.19839
2025-05-21 03:30:00,107009.8,107090.23,106942.11,107006.35,210.20971
2025-05-21 03:45:00,107006.35,107100.0,106773.44,106843.59,196.2996
2025-05-21 04:00:00,106843.6,107009.66,106742.85,106866.08,153.09816
2025-05-21 04:15:00,106866.07,106934.5,106809.52,106823.4,98.62692
2025-05-21 04:30:00,106823.4,107700.0,106793.64,107521.4,960.4902
2025-05-21 04:45:00,107521.41,107566.57,107225.67,107287.0,303.3716
2025-05-21 05:00:00,107286.99,107636.69,107281.55,107430.13,366.56127
2025-05-21 05:15:00,107430.12,107687.0,107430.12,107538.28,376.85481
2025-05-21 05:30:00,107538.29,107718.68,107351.92,107438.01,265.88426
2025-05-21 05:45:00,107438.01,107639.89,107342.93,107542.0,185.37352
2025-05-21 06:00:00,107542.01,107620.27,107294.63,107410.0,326.17634
2025-05-21 06:15:00,107410.0,107929.06,107321.17,107865.09,434.96532
2025-05-21 06:30:00,107865.09,107985.05,107740.0,107937.73,345.30698
2025-05-21 06:45:00,107937.72,107937.73,107736.91,107751.41,228.86011
2025-05-21 07:00:00,107751.41,107855.49,107440.96,107440.97,222.66809
2025-05-21 07:15:00,107440.97,107451.06,106774.42,106991.02,496.47905
2025-05-21 07:30:00,106991.02,106991.02,106454.54,106656.45,602.96031
2025-05-21 07:45:00,106656.46,106832.0,106483.53,106527.16,423.57548
2025-05-21 08:00:00,106527.17,106797.98,106458.36,106765.34,393.26344
2025-05-21 08:15:00,106765.34,106765.35,106357.79,106472.7,271.92956
2025-05-21 08:30:00,106472.7,106537.47,106366.19,106400.7,192.7513
2025-05-21 08:45:00,106400.7,106479.0,106347.05,106372.45,164.23375
2025-05-21 09:00:00,106372.46,106523.81,106287.43,106314.91,224.05312
2025-05-21 09:15:00,106314.92,106401.67,106188.0,106342.21,162.65056
2025-05-21 09:30:00,106342.21,106342.21,106133.02,106137.52,233.19387
2025-05-21 09:45:00,106137.53,106238.1,106100.01,106200.03,176.64099
2025-05-21 10:00:00,106200.03,106450.0,106136.99,106401.22,172.66199
2025-05-21 10:15:00,106401.23,106401.23,106158.57,106267.69,152.33986
2025-05-21 10:30:00,106267.7,106392.73,106241.38,106347.54,112.76833
2025-05-21 10:45:00,106347.54,106357.7,106282.43,106328.57,113.96075
2025-05-21 11:00:00,106328.56,106502.78,106272.72,106500.82,185.97481
2025-05-21 11:15:00,106500.82,106741.71,106464.6,106679.99,222.89955
2025-05-21 11:30:00,106680.0,106685.0,106531.05,106602.61,104.89326
2025-05-21 11:45:00,106602.61,106602.61,106461.69,106546.44,97.91458
2025-05-21 12:00:00,106546.43,106549.53,106409.92,106524.19,114.08049
2025-05-21 12:15:00,106524.19,106920.21,106524.18,106840.0,354.49901
2025-05-21 12:30:00,106840.01,106840.01,106599.02,106633.56,177.78029
2025-05-21 12:45:00,106633.57,106645.89,106478.78,106573.11,143.59774
2025-05-21 13:00:00,106573.1,106659.05,106329.47,106421.49,234.69829
2025-05-21 13:15:00,106421.5,106500.0,106358.18,106459.61,128.91108
2025-05-21 13:30:00,106459.62,107200.89,106459.62,107140.18,389.42801
2025-05-21 13:45:00,107140.17,107662.08,107063.61,107244.76,439.90758
2025-05-21 14:00:00,107244.75,107539.59,107123.58,107426.62,828.89756
2025-05-21 14:15:00,107426.62,107745.3,107313.23,107342.21,843.07731
2025-05-21 14:30:00,107342.21,107800.0,107009.06,107779.85,851.76431
2025-05-21 14:45:00,107779.85,109000.0,107691.29,108999.99,2290.28713
2025-05-21 15:00:00,108999.99,109458.0,108427.09,108826.0,2061.66168
2025-05-21 15:15:00,108826.0,109320.0,108825.99,108915.0,1028.99126
2025-05-21 15:30:00,108915.0,109090.96,108332.26,108896.64,1004.1659
2025-05-21 15:45:00,108896.64,109241.11,108549.99,108973.35,813.74685
2025-05-21 16:00:00,108973.34,109130.44,108701.54,109099.99,502.56795
2025-05-21 16:15:00,109099.99,109285.72,108938.48,109117.0,503.83626
2025-05-21 16:30:00,109117.01,109678.0,109080.0,109514.76,1435.11391
2025-05-21 16:45:00,109514.76,109845.0,109131.7,109131.7,1110.37227
2025-05-21 17:00:00,109131.71,109343.01,108783.85,109052.08,512.21507
2025-05-21 17:15:00,109052.08,109086.95,106920.0,106975.9,1738.14362
2025-05-21 17:30:00,106975.91,107682.92,106500.0,106517.07,2425.40787
2025-05-21 17:45:00,106517.06,107000.0,106117.67,106592.79,1574.14891
2025-05-21 18:00:00,106592.8,107090.91,106317.0,106830.76,900.6369
2025-05-21 18:15:00,106830.76,107066.8,106485.13,106658.55,724.19997
2025-05-21 18:30:00,106658.55,107374.46,106632.56,107330.34,543.67488
2025-05-21 18:45:00,107330.33,107415.83,106885.31,106965.05,407.92052
2025-05-21 19:00:00,106965.05,107300.0,106619.68,107015.02,454.13912
2025-05-21 19:15:00,107015.02,107224.06,106777.1,107223.99,332.754
2025-05-21 19:30:00,107224.0,108434.26,107224.0,108114.22,997.1448
2025-05-21 19:45:00,108114.22,108857.19,107970.05,108603.79,795.92378
2025-05-21 20:00:00,108603.79,108739.14,108155.6,108252.69,513.69073
2025-05-21 20:15:00,108252.69,108418.33,108162.5,108195.26,214.80593
2025-05-21 20:30:00,108195.26,108252.43,107957.25,107968.58,259.5685
2025-05-21 20:45:00,107968.58,108238.1,107725.0,108238.09,250.74188
2025-05-21 21:00:00,108238.09,108458.49,107940.0,108330.0,202.35914
2025-05-21 21:15:00,108330.0,108330.01,108074.85,108074.85,290.6014
2025-05-21 21:30:00,108074.85,108470.58,108068.25,108414.69,117.51931
2025-05-21 21:45:00,108414.69,108560.34,108328.64,108414.64,165.6003
2025-05-21 22:00:00,108414.63,108563.63,108285.5,108314.54,124.89654
2025-05-21 22:15:00,108314.54,108621.24,108278.97,108621.23,125.63844
2025-05-21 22:30:00,108621.23,108976.0,108621.23,108941.0,298.27822
2025-05-21 22:45:00,108941.0,109028.25,108683.94,108739.36,240.64252
2025-05-21 23:00:00,108739.36,109379.53,108660.0,109368.43,324.54575
2025-05-21 23:15:00,109368.43,110797.38,109357.2,109752.65,3320.777345
2025-05-21 23:30:00,109752.66,110120.31,109400.0,109586.68,723.3837
2025-05-21 23:45:00,109586.69,109758.44,109336.66,109643.99,336.88812
2025-05-22 00:00:00,109643.99,110178.49,109488.04,109967.68,604.65925
